test,elapsed_ms
PerformanceSample::PostPublishingTest::0,193
PerformanceSample::PostPublishingTest::0,75
PerformanceSample::PostPublishingTest::0,77
PerformanceSample::PostPublishingTest::0,71
PerformanceSample::PostPublishingTest::0,90
PerformanceSample::PostPublishingTest::0,74
PerformanceSample::PostPublishingTest::0,68
PerformanceSample::PostPublishingTest::0,70
PerformanceSample::PostPublishingTest::0,69
PerformanceSample::PostPublishingTest::0,74
PerformanceSample::PostPublishingTest::0,70
PerformanceSample::PostPublishingTest::0,71
PerformanceSample::PostPublishingTest::0,63
PerformanceSample::PostPublishingTest::0,77
PerformanceSample::PostPublishingTest::0,98
PerformanceSample::PostPublishingTest::0,69
PerformanceSample::PostPublishingTest::0,69
PerformanceSample::PostPublishingTest::0,80
PerformanceSample::PostPublishingTest::0,71
PerformanceSample::PostPublishingTest::0,77
PerformanceSample::PostPublishingTest::0,89
PerformanceSample::PostPublishingTest::0,70
PerformanceSample::PostPublishingTest::0,68
PerformanceSample::PostPublishingTest::0,76
PerformanceSample::PostPublishingTest::0,71
PerformanceSample::PostPublishingTest::0,63
PerformanceSample::PostPublishingTest::0,67
PerformanceSample::PostPublishingTest::0,72
PerformanceSample::PostPublishingTest::0,67
PerformanceSample::PostPublishingTest::0,67
PerformanceSample::PostPublishingTest::0,61
PerformanceSample::PostPublishingTest::0,63
PerformanceSample::PostPublishingTest::0,60
PerformanceSample::PostPublishingTest::0,80
PerformanceSample::PostPublishingTest::0,59
PerformanceSample::PostPublishingTest::0,61
PerformanceSample::PostPublishingTest::0,63
PerformanceSample::PostPublishingTest::0,55
PerformanceSample::PostPublishingTest::0,80
PerformanceSample::PostPublishingTest::0,73
PerformanceSample::PostPublishingTest::0,76
PerformanceSample::PostPublishingTest::0,73
PerformanceSample::PostPublishingTest::0,76
PerformanceSample::PostPublishingTest::0,68
PerformanceSample::PostPublishingTest::0,63
PerformanceSample::PostPublishingTest::0,57
PerformanceSample::PostPublishingTest::0,60
PerformanceSample::PostPublishingTest::0,74
PerformanceSample::PostPublishingTest::0,115
PerformanceSample::PostPublishingTest::0,73
PerformanceSample::PostPublishingTest::0,55
PerformanceSample::PostPublishingTest::0,53
PerformanceSample::PostPublishingTest::0,63
PerformanceSample::PostPublishingTest::0,72
PerformanceSample::PostPublishingTest::0,56
PerformanceSample::PostPublishingTest::0,68
PerformanceSample::PostPublishingTest::0,63
PerformanceSample::PostPublishingTest::0,62
PerformanceSample::PostPublishingTest::0,59
PerformanceSample::PostPublishingTest::0,55
PerformanceSample::PostPublishingTest::0,52
PerformanceSample::PostPublishingTest::0,66
PerformanceSample::PostPublishingTest::0,62
PerformanceSample::PostPublishingTest::0,101
PerformanceSample::PostPublishingTest::0,68
PerformanceSample::PostPublishingTest::0,71
PerformanceSample::PostPublishingTest::0,52
PerformanceSample::PostPublishingTest::0,57
PerformanceSample::PostPublishingTest::0,62
PerformanceSample::PostPublishingTest::0,62
PerformanceSample::PostPublishingTest::0,52
PerformanceSample::PostPublishingTest::0,55
PerformanceSample::PostPublishingTest::0,57
PerformanceSample::PostPublishingTest::0,63
PerformanceSample::PostPublishingTest::0,54
PerformanceSample::PostPublishingTest::0,63
PerformanceSample::PostPublishingTest::0,62
PerformanceSample::PostPublishingTest::0,67
PerformanceSample::PostPublishingTest::0,61
PerformanceSample::PostPublishingTest::0,63
PerformanceSample::PostPublishingTest::0,63
PerformanceSample::PostPublishingTest::0,53
PerformanceSample::PostPublishingTest::0,58
PerformanceSample::PostPublishingTest::0,56
PerformanceSample::PostPublishingTest::0,57
PerformanceSample::PostPublishingTest::0,64
PerformanceSample::PostPublishingTest::0,71
PerformanceSample::PostPublishingTest::0,58
PerformanceSample::PostPublishingTest::0,68
PerformanceSample::PostPublishingTest::0,71
PerformanceSample::PostPublishingTest::0,72
PerformanceSample::PostPublishingTest::0,72
PerformanceSample::PostPublishingTest::0,71
PerformanceSample::PostPublishingTest::0,68
PerformanceSample::PostPublishingTest::0,62
PerformanceSample::PostPublishingTest::0,53
PerformanceSample::PostPublishingTest::0,55
PerformanceSample::PostPublishingTest::0,57
PerformanceSample::PostPublishingTest::0,63
PerformanceSample::PostPublishingTest::0,59
PerformanceSample::LikePublishingTest::0,154
PerformanceSample::LikePublishingTest::0,152
PerformanceSample::LikePublishingTest::0,139
PerformanceSample::LikePublishingTest::0,152
PerformanceSample::LikePublishingTest::0,176
PerformanceSample::LikePublishingTest::0,165
PerformanceSample::LikePublishingTest::0,203
PerformanceSample::LikePublishingTest::0,175
PerformanceSample::LikePublishingTest::0,153
PerformanceSample::LikePublishingTest::0,143
PerformanceSample::LikePublishingTest::0,151
PerformanceSample::LikePublishingTest::0,144
PerformanceSample::LikePublishingTest::0,172
PerformanceSample::LikePublishingTest::0,157
PerformanceSample::LikePublishingTest::0,144
PerformanceSample::LikePublishingTest::0,204
PerformanceSample::LikePublishingTest::0,156
PerformanceSample::LikePublishingTest::0,144
PerformanceSample::LikePublishingTest::0,154
PerformanceSample::LikePublishingTest::0,162
PerformanceSample::LikePublishingTest::0,188
PerformanceSample::LikePublishingTest::0,144
PerformanceSample::LikePublishingTest::0,166
PerformanceSample::LikePublishingTest::0,160
PerformanceSample::LikePublishingTest::0,189
PerformanceSample::LikePublishingTest::0,211
PerformanceSample::LikePublishingTest::0,170
PerformanceSample::LikePublishingTest::0,201
PerformanceSample::LikePublishingTest::0,189
PerformanceSample::LikePublishingTest::0,179
PerformanceSample::LikePublishingTest::0,164
PerformanceSample::LikePublishingTest::0,179
PerformanceSample::LikePublishingTest::0,175
PerformanceSample::LikePublishingTest::0,165
PerformanceSample::LikePublishingTest::0,180
PerformanceSample::LikePublishingTest::0,187
PerformanceSample::LikePublishingTest::0,161
PerformanceSample::LikePublishingTest::0,164
PerformanceSample::LikePublishingTest::0,174
PerformanceSample::LikePublishingTest::0,207
PerformanceSample::LikePublishingTest::0,200
PerformanceSample::LikePublishingTest::0,189
PerformanceSample::LikePublishingTest::0,164
PerformanceSample::LikePublishingTest::0,164
PerformanceSample::LikePublishingTest::0,177
PerformanceSample::LikePublishingTest::0,186
PerformanceSample::LikePublishingTest::0,194
PerformanceSample::LikePublishingTest::0,158
PerformanceSample::LikePublishingTest::0,192
PerformanceSample::LikePublishingTest::0,180
PerformanceSample::LikePublishingTest::0,205
PerformanceSample::LikePublishingTest::0,185
PerformanceSample::LikePublishingTest::0,175
PerformanceSample::LikePublishingTest::0,180
PerformanceSample::LikePublishingTest::0,196
PerformanceSample::LikePublishingTest::0,158
PerformanceSample::LikePublishingTest::0,180
PerformanceSample::LikePublishingTest::0,176
PerformanceSample::LikePublishingTest::0,160
PerformanceSample::LikePublishingTest::0,151
PerformanceSample::LikePublishingTest::0,183
PerformanceSample::LikePublishingTest::0,169
PerformanceSample::LikePublishingTest::0,159
PerformanceSample::LikePublishingTest::0,176
PerformanceSample::LikePublishingTest::0,149
PerformanceSample::LikePublishingTest::0,168
PerformanceSample::LikePublishingTest::0,158
PerformanceSample::LikePublishingTest::0,173
PerformanceSample::LikePublishingTest::0,151
PerformanceSample::LikePublishingTest::0,175
PerformanceSample::LikePublishingTest::0,180
PerformanceSample::LikePublishingTest::0,187
PerformanceSample::LikePublishingTest::0,188
PerformanceSample::LikePublishingTest::0,168
PerformanceSample::LikePublishingTest::0,154
PerformanceSample::LikePublishingTest::0,158
PerformanceSample::LikePublishingTest::0,174
PerformanceSample::LikePublishingTest::0,165
PerformanceSample::LikePublishingTest::0,146
PerformanceSample::LikePublishingTest::0,182
PerformanceSample::LikePublishingTest::0,177
PerformanceSample::LikePublishingTest::0,160
PerformanceSample::LikePublishingTest::0,153
PerformanceSample::LikePublishingTest::0,173
PerformanceSample::LikePublishingTest::0,161
PerformanceSample::LikePublishingTest::0,164
PerformanceSample::LikePublishingTest::0,178
PerformanceSample::LikePublishingTest::0,158
PerformanceSample::LikePublishingTest::0,180
PerformanceSample::LikePublishingTest::0,201
PerformanceSample::LikePublishingTest::0,184
PerformanceSample::LikePublishingTest::0,162
PerformanceSample::LikePublishingTest::0,193
PerformanceSample::LikePublishingTest::0,181
PerformanceSample::LikePublishingTest::0,174
PerformanceSample::LikePublishingTest::0,169
PerformanceSample::LikePublishingTest::0,161
PerformanceSample::LikePublishingTest::0,176
PerformanceSample::LikePublishingTest::0,164
PerformanceSample::LikePublishingTest::0,174
PerformanceSample::DislikePublishingTest::0,211
PerformanceSample::DislikePublishingTest::0,188
PerformanceSample::DislikePublishingTest::0,186
PerformanceSample::DislikePublishingTest::0,194
PerformanceSample::DislikePublishingTest::0,186
PerformanceSample::DislikePublishingTest::0,176
PerformanceSample::DislikePublishingTest::0,199
PerformanceSample::DislikePublishingTest::0,166
PerformanceSample::DislikePublishingTest::0,181
PerformanceSample::DislikePublishingTest::0,175
PerformanceSample::DislikePublishingTest::0,181
PerformanceSample::DislikePublishingTest::0,174
PerformanceSample::DislikePublishingTest::0,185
PerformanceSample::DislikePublishingTest::0,176
PerformanceSample::DislikePublishingTest::0,181
PerformanceSample::DislikePublishingTest::0,189
PerformanceSample::DislikePublishingTest::0,204
PerformanceSample::DislikePublishingTest::0,182
PerformanceSample::DislikePublishingTest::0,174
PerformanceSample::DislikePublishingTest::0,184
PerformanceSample::DislikePublishingTest::0,205
PerformanceSample::DislikePublishingTest::0,187
PerformanceSample::DislikePublishingTest::0,192
PerformanceSample::DislikePublishingTest::0,178
PerformanceSample::DislikePublishingTest::0,194
PerformanceSample::DislikePublishingTest::0,178
PerformanceSample::DislikePublishingTest::0,225
PerformanceSample::DislikePublishingTest::0,206
PerformanceSample::DislikePublishingTest::0,185
PerformanceSample::DislikePublishingTest::0,181
PerformanceSample::DislikePublishingTest::0,218
PerformanceSample::DislikePublishingTest::0,205
PerformanceSample::DislikePublishingTest::0,180
PerformanceSample::DislikePublishingTest::0,185
PerformanceSample::DislikePublishingTest::0,194
PerformanceSample::DislikePublishingTest::0,190
PerformanceSample::DislikePublishingTest::0,187
PerformanceSample::DislikePublishingTest::0,186
PerformanceSample::DislikePublishingTest::0,191
PerformanceSample::DislikePublishingTest::0,211
PerformanceSample::DislikePublishingTest::0,198
PerformanceSample::DislikePublishingTest::0,218
PerformanceSample::DislikePublishingTest::0,205
PerformanceSample::DislikePublishingTest::0,192
PerformanceSample::DislikePublishingTest::0,185
PerformanceSample::DislikePublishingTest::0,226
PerformanceSample::DislikePublishingTest::0,231
PerformanceSample::DislikePublishingTest::0,203
PerformanceSample::DislikePublishingTest::0,177
PerformanceSample::DislikePublishingTest::0,200
PerformanceSample::DislikePublishingTest::0,226
PerformanceSample::DislikePublishingTest::0,200
PerformanceSample::DislikePublishingTest::0,186
PerformanceSample::DislikePublishingTest::0,183
PerformanceSample::DislikePublishingTest::0,178
PerformanceSample::DislikePublishingTest::0,184
PerformanceSample::DislikePublishingTest::0,169
PerformanceSample::DislikePublishingTest::0,179
PerformanceSample::DislikePublishingTest::0,203
PerformanceSample::DislikePublishingTest::0,189
PerformanceSample::DislikePublishingTest::0,200
PerformanceSample::DislikePublishingTest::0,189
PerformanceSample::DislikePublishingTest::0,183
PerformanceSample::DislikePublishingTest::0,186
PerformanceSample::DislikePublishingTest::0,183
PerformanceSample::DislikePublishingTest::0,196
PerformanceSample::DislikePublishingTest::0,205
PerformanceSample::DislikePublishingTest::0,208
PerformanceSample::DislikePublishingTest::0,176
PerformanceSample::DislikePublishingTest::0,185
PerformanceSample::DislikePublishingTest::0,207
PerformanceSample::DislikePublishingTest::0,207
PerformanceSample::DislikePublishingTest::0,216
PerformanceSample::DislikePublishingTest::0,207
PerformanceSample::DislikePublishingTest::0,185
PerformanceSample::DislikePublishingTest::0,188
PerformanceSample::DislikePublishingTest::0,202
PerformanceSample::DislikePublishingTest::0,213
PerformanceSample::DislikePublishingTest::0,178
PerformanceSample::DislikePublishingTest::0,188
PerformanceSample::DislikePublishingTest::0,199
PerformanceSample::DislikePublishingTest::0,205
PerformanceSample::DislikePublishingTest::0,220
PerformanceSample::DislikePublishingTest::0,187
PerformanceSample::DislikePublishingTest::0,194
PerformanceSample::DislikePublishingTest::0,191
PerformanceSample::DislikePublishingTest::0,223
PerformanceSample::DislikePublishingTest::0,198
PerformanceSample::DislikePublishingTest::0,200
PerformanceSample::DislikePublishingTest::0,199
PerformanceSample::DislikePublishingTest::0,225
PerformanceSample::DislikePublishingTest::0,203
PerformanceSample::DislikePublishingTest::0,215
PerformanceSample::DislikePublishingTest::0,234
PerformanceSample::DislikePublishingTest::0,196
PerformanceSample::DislikePublishingTest::0,227
PerformanceSample::DislikePublishingTest::0,191
PerformanceSample::DislikePublishingTest::0,207
PerformanceSample::DislikePublishingTest::0,197
PerformanceSample::DislikePublishingTest::0,214
PerformanceSample::PostKeysFetchingTestWorld::0,32
PerformanceSample::PostKeysFetchingTestWorld::0,34
PerformanceSample::PostKeysFetchingTestWorld::0,32
PerformanceSample::PostKeysFetchingTestWorld::0,32
PerformanceSample::PostKeysFetchingTestWorld::0,30
PerformanceSample::PostKeysFetchingTestWorld::0,31
PerformanceSample::PostKeysFetchingTestWorld::0,32
PerformanceSample::PostKeysFetchingTestWorld::0,28
PerformanceSample::PostKeysFetchingTestWorld::0,31
PerformanceSample::PostKeysFetchingTestWorld::0,27
PerformanceSample::PostKeysFetchingTestWorld::0,27
PerformanceSample::PostKeysFetchingTestWorld::0,29
PerformanceSample::PostKeysFetchingTestWorld::0,29
PerformanceSample::PostKeysFetchingTestWorld::0,33
PerformanceSample::PostKeysFetchingTestWorld::0,29
PerformanceSample::PostKeysFetchingTestWorld::0,29
PerformanceSample::PostKeysFetchingTestWorld::0,27
PerformanceSample::PostKeysFetchingTestWorld::0,27
PerformanceSample::PostKeysFetchingTestWorld::0,28
PerformanceSample::PostKeysFetchingTestWorld::0,29
PerformanceSample::PostKeysFetchingTestWorld::0,28
PerformanceSample::PostKeysFetchingTestWorld::0,30
PerformanceSample::PostKeysFetchingTestWorld::0,28
PerformanceSample::PostKeysFetchingTestWorld::0,29
PerformanceSample::PostKeysFetchingTestWorld::0,36
PerformanceSample::PostKeysFetchingTestWorld::0,41
PerformanceSample::PostKeysFetchingTestWorld::0,31
PerformanceSample::PostKeysFetchingTestWorld::0,35
PerformanceSample::PostKeysFetchingTestWorld::0,29
PerformanceSample::PostKeysFetchingTestWorld::0,27
PerformanceSample::PostKeysFetchingTestWorld::0,27
PerformanceSample::PostKeysFetchingTestWorld::0,27
PerformanceSample::PostKeysFetchingTestWorld::0,27
PerformanceSample::PostKeysFetchingTestWorld::0,30
PerformanceSample::PostKeysFetchingTestWorld::0,28
PerformanceSample::PostKeysFetchingTestWorld::0,30
PerformanceSample::PostKeysFetchingTestWorld::0,30
PerformanceSample::PostKeysFetchingTestWorld::0,27
PerformanceSample::PostKeysFetchingTestWorld::0,28
PerformanceSample::PostKeysFetchingTestWorld::0,27
PerformanceSample::PostKeysFetchingTestWorld::0,29
PerformanceSample::PostKeysFetchingTestWorld::0,28
PerformanceSample::PostKeysFetchingTestWorld::0,29
PerformanceSample::PostKeysFetchingTestWorld::0,28
PerformanceSample::PostKeysFetchingTestWorld::0,27
PerformanceSample::PostKeysFetchingTestWorld::0,28
PerformanceSample::PostKeysFetchingTestWorld::0,30
PerformanceSample::PostKeysFetchingTestWorld::0,29
PerformanceSample::PostKeysFetchingTestWorld::0,28
PerformanceSample::PostKeysFetchingTestWorld::0,28
PerformanceSample::PostKeysFetchingTestWorld::0,28
PerformanceSample::PostKeysFetchingTestWorld::0,36
PerformanceSample::PostKeysFetchingTestWorld::0,29
PerformanceSample::PostKeysFetchingTestWorld::0,27
PerformanceSample::PostKeysFetchingTestWorld::0,27
PerformanceSample::PostKeysFetchingTestWorld::0,28
PerformanceSample::PostKeysFetchingTestWorld::0,27
PerformanceSample::PostKeysFetchingTestWorld::0,27
PerformanceSample::PostKeysFetchingTestWorld::0,28
PerformanceSample::PostKeysFetchingTestWorld::0,29
PerformanceSample::PostKeysFetchingTestWorld::0,28
PerformanceSample::PostKeysFetchingTestWorld::0,29
PerformanceSample::PostKeysFetchingTestWorld::0,28
PerformanceSample::PostKeysFetchingTestWorld::0,27
PerformanceSample::PostKeysFetchingTestWorld::0,27
PerformanceSample::PostKeysFetchingTestWorld::0,30
PerformanceSample::PostKeysFetchingTestWorld::0,27
PerformanceSample::PostKeysFetchingTestWorld::0,28
PerformanceSample::PostKeysFetchingTestWorld::0,28
PerformanceSample::PostKeysFetchingTestWorld::0,31
PerformanceSample::PostKeysFetchingTestWorld::0,27
PerformanceSample::PostKeysFetchingTestWorld::0,30
PerformanceSample::PostKeysFetchingTestWorld::0,27
PerformanceSample::PostKeysFetchingTestWorld::0,27
PerformanceSample::PostKeysFetchingTestWorld::0,27
PerformanceSample::PostKeysFetchingTestWorld::0,26
PerformanceSample::PostKeysFetchingTestWorld::0,29
PerformanceSample::PostKeysFetchingTestWorld::0,27
PerformanceSample::PostKeysFetchingTestWorld::0,29
PerformanceSample::PostKeysFetchingTestWorld::0,28
PerformanceSample::PostKeysFetchingTestWorld::0,27
PerformanceSample::PostKeysFetchingTestWorld::0,32
PerformanceSample::PostKeysFetchingTestWorld::0,35
PerformanceSample::PostKeysFetchingTestWorld::0,30
PerformanceSample::PostKeysFetchingTestWorld::0,28
PerformanceSample::PostKeysFetchingTestWorld::0,26
PerformanceSample::PostKeysFetchingTestWorld::0,28
PerformanceSample::PostKeysFetchingTestWorld::0,28
PerformanceSample::PostKeysFetchingTestWorld::0,26
PerformanceSample::PostKeysFetchingTestWorld::0,27
PerformanceSample::PostKeysFetchingTestWorld::0,28
PerformanceSample::PostKeysFetchingTestWorld::0,28
PerformanceSample::PostKeysFetchingTestWorld::0,27
PerformanceSample::PostKeysFetchingTestWorld::0,29
PerformanceSample::PostKeysFetchingTestWorld::0,27
PerformanceSample::PostKeysFetchingTestWorld::0,27
PerformanceSample::PostKeysFetchingTestWorld::0,29
PerformanceSample::PostKeysFetchingTestWorld::0,30
PerformanceSample::PostKeysFetchingTestWorld::0,28
PerformanceSample::PostKeysFetchingTestWorld::0,27
PerformanceSample::PostKeysFetchingTestUser::0,19
PerformanceSample::PostKeysFetchingTestUser::0,19
PerformanceSample::PostKeysFetchingTestUser::0,19
PerformanceSample::PostKeysFetchingTestUser::0,20
PerformanceSample::PostKeysFetchingTestUser::0,19
PerformanceSample::PostKeysFetchingTestUser::0,18
PerformanceSample::PostKeysFetchingTestUser::0,18
PerformanceSample::PostKeysFetchingTestUser::0,20
PerformanceSample::PostKeysFetchingTestUser::0,21
PerformanceSample::PostKeysFetchingTestUser::0,21
PerformanceSample::PostKeysFetchingTestUser::0,18
PerformanceSample::PostKeysFetchingTestUser::0,21
PerformanceSample::PostKeysFetchingTestUser::0,18
PerformanceSample::PostKeysFetchingTestUser::0,19
PerformanceSample::PostKeysFetchingTestUser::0,18
PerformanceSample::PostKeysFetchingTestUser::0,19
PerformanceSample::PostKeysFetchingTestUser::0,19
PerformanceSample::PostKeysFetchingTestUser::0,19
PerformanceSample::PostKeysFetchingTestUser::0,19
PerformanceSample::PostKeysFetchingTestUser::0,18
PerformanceSample::PostKeysFetchingTestUser::0,21
PerformanceSample::PostKeysFetchingTestUser::0,20
PerformanceSample::PostKeysFetchingTestUser::0,21
PerformanceSample::PostKeysFetchingTestUser::0,21
PerformanceSample::PostKeysFetchingTestUser::0,21
PerformanceSample::PostKeysFetchingTestUser::0,19
PerformanceSample::PostKeysFetchingTestUser::0,20
PerformanceSample::PostKeysFetchingTestUser::0,20
PerformanceSample::PostKeysFetchingTestUser::0,23
PerformanceSample::PostKeysFetchingTestUser::0,22
PerformanceSample::PostKeysFetchingTestUser::0,23
PerformanceSample::PostKeysFetchingTestUser::0,20
PerformanceSample::PostKeysFetchingTestUser::0,18
PerformanceSample::PostKeysFetchingTestUser::0,19
PerformanceSample::PostKeysFetchingTestUser::0,18
PerformanceSample::PostKeysFetchingTestUser::0,19
PerformanceSample::PostKeysFetchingTestUser::0,19
PerformanceSample::PostKeysFetchingTestUser::0,19
PerformanceSample::PostKeysFetchingTestUser::0,19
PerformanceSample::PostKeysFetchingTestUser::0,18
PerformanceSample::PostKeysFetchingTestUser::0,18
PerformanceSample::PostKeysFetchingTestUser::0,19
PerformanceSample::PostKeysFetchingTestUser::0,19
PerformanceSample::PostKeysFetchingTestUser::0,19
PerformanceSample::PostKeysFetchingTestUser::0,19
PerformanceSample::PostKeysFetchingTestUser::0,18
PerformanceSample::PostKeysFetchingTestUser::0,18
PerformanceSample::PostKeysFetchingTestUser::0,19
PerformanceSample::PostKeysFetchingTestUser::0,18
PerformanceSample::PostKeysFetchingTestUser::0,20
PerformanceSample::PostKeysFetchingTestUser::0,19
PerformanceSample::PostKeysFetchingTestUser::0,28
PerformanceSample::PostKeysFetchingTestUser::0,22
PerformanceSample::PostKeysFetchingTestUser::0,22
PerformanceSample::PostKeysFetchingTestUser::0,18
PerformanceSample::PostKeysFetchingTestUser::0,18
PerformanceSample::PostKeysFetchingTestUser::0,20
PerformanceSample::PostKeysFetchingTestUser::0,21
PerformanceSample::PostKeysFetchingTestUser::0,22
PerformanceSample::PostKeysFetchingTestUser::0,20
PerformanceSample::PostKeysFetchingTestUser::0,20
PerformanceSample::PostKeysFetchingTestUser::0,21
PerformanceSample::PostKeysFetchingTestUser::0,23
PerformanceSample::PostKeysFetchingTestUser::0,18
PerformanceSample::PostKeysFetchingTestUser::0,19
PerformanceSample::PostKeysFetchingTestUser::0,18
PerformanceSample::PostKeysFetchingTestUser::0,19
PerformanceSample::PostKeysFetchingTestUser::0,20
PerformanceSample::PostKeysFetchingTestUser::0,18
PerformanceSample::PostKeysFetchingTestUser::0,20
PerformanceSample::PostKeysFetchingTestUser::0,19
PerformanceSample::PostKeysFetchingTestUser::0,20
PerformanceSample::PostKeysFetchingTestUser::0,19
PerformanceSample::PostKeysFetchingTestUser::0,20
PerformanceSample::PostKeysFetchingTestUser::0,19
PerformanceSample::PostKeysFetchingTestUser::0,19
PerformanceSample::PostKeysFetchingTestUser::0,19
PerformanceSample::PostKeysFetchingTestUser::0,19
PerformanceSample::PostKeysFetchingTestUser::0,18
PerformanceSample::PostKeysFetchingTestUser::0,20
PerformanceSample::PostKeysFetchingTestUser::0,20
PerformanceSample::PostKeysFetchingTestUser::0,21
PerformanceSample::PostKeysFetchingTestUser::0,19
PerformanceSample::PostKeysFetchingTestUser::0,19
PerformanceSample::PostKeysFetchingTestUser::0,18
PerformanceSample::PostKeysFetchingTestUser::0,18
PerformanceSample::PostKeysFetchingTestUser::0,21
PerformanceSample::PostKeysFetchingTestUser::0,19
PerformanceSample::PostKeysFetchingTestUser::0,18
PerformanceSample::PostKeysFetchingTestUser::0,19
PerformanceSample::PostKeysFetchingTestUser::0,20
PerformanceSample::PostKeysFetchingTestUser::0,19
PerformanceSample::PostKeysFetchingTestUser::0,20
PerformanceSample::PostKeysFetchingTestUser::0,18
PerformanceSample::PostKeysFetchingTestUser::0,21
PerformanceSample::PostKeysFetchingTestUser::0,21
PerformanceSample::PostKeysFetchingTestUser::0,21
PerformanceSample::PostKeysFetchingTestUser::0,20
PerformanceSample::PostKeysFetchingTestUser::0,20
PerformanceSample::PostKeysFetchingTestUser::0,19
PerformanceSample::LikeKeysFetchingTest::0,17
PerformanceSample::LikeKeysFetchingTest::0,17
PerformanceSample::LikeKeysFetchingTest::0,16
PerformanceSample::LikeKeysFetchingTest::0,16
PerformanceSample::LikeKeysFetchingTest::0,16
PerformanceSample::LikeKeysFetchingTest::0,17
PerformanceSample::LikeKeysFetchingTest::0,18
PerformanceSample::LikeKeysFetchingTest::0,17
PerformanceSample::LikeKeysFetchingTest::0,17
PerformanceSample::LikeKeysFetchingTest::0,18
PerformanceSample::LikeKeysFetchingTest::0,16
PerformanceSample::LikeKeysFetchingTest::0,17
PerformanceSample::LikeKeysFetchingTest::0,16
PerformanceSample::LikeKeysFetchingTest::0,20
PerformanceSample::LikeKeysFetchingTest::0,17
PerformanceSample::LikeKeysFetchingTest::0,17
PerformanceSample::LikeKeysFetchingTest::0,16
PerformanceSample::LikeKeysFetchingTest::0,16
PerformanceSample::LikeKeysFetchingTest::0,17
PerformanceSample::LikeKeysFetchingTest::0,17
PerformanceSample::LikeKeysFetchingTest::0,17
PerformanceSample::LikeKeysFetchingTest::0,16
PerformanceSample::LikeKeysFetchingTest::0,16
PerformanceSample::LikeKeysFetchingTest::0,16
PerformanceSample::LikeKeysFetchingTest::0,16
PerformanceSample::LikeKeysFetchingTest::0,16
PerformanceSample::LikeKeysFetchingTest::0,17
PerformanceSample::LikeKeysFetchingTest::0,18
PerformanceSample::LikeKeysFetchingTest::0,17
PerformanceSample::LikeKeysFetchingTest::0,16
PerformanceSample::LikeKeysFetchingTest::0,16
PerformanceSample::LikeKeysFetchingTest::0,16
PerformanceSample::LikeKeysFetchingTest::0,15
PerformanceSample::LikeKeysFetchingTest::0,17
PerformanceSample::LikeKeysFetchingTest::0,16
PerformanceSample::LikeKeysFetchingTest::0,15
PerformanceSample::LikeKeysFetchingTest::0,17
PerformanceSample::LikeKeysFetchingTest::0,19
PerformanceSample::LikeKeysFetchingTest::0,20
PerformanceSample::LikeKeysFetchingTest::0,17
PerformanceSample::LikeKeysFetchingTest::0,17
PerformanceSample::LikeKeysFetchingTest::0,17
PerformanceSample::LikeKeysFetchingTest::0,17
PerformanceSample::LikeKeysFetchingTest::0,15
PerformanceSample::LikeKeysFetchingTest::0,16
PerformanceSample::LikeKeysFetchingTest::0,15
PerformanceSample::LikeKeysFetchingTest::0,15
PerformanceSample::LikeKeysFetchingTest::0,16
PerformanceSample::LikeKeysFetchingTest::0,16
PerformanceSample::LikeKeysFetchingTest::0,16
PerformanceSample::LikeKeysFetchingTest::0,15
PerformanceSample::LikeKeysFetchingTest::0,15
PerformanceSample::LikeKeysFetchingTest::0,16
PerformanceSample::LikeKeysFetchingTest::0,17
PerformanceSample::LikeKeysFetchingTest::0,16
PerformanceSample::LikeKeysFetchingTest::0,16
PerformanceSample::LikeKeysFetchingTest::0,16
PerformanceSample::LikeKeysFetchingTest::0,16
PerformanceSample::LikeKeysFetchingTest::0,18
PerformanceSample::LikeKeysFetchingTest::0,17
PerformanceSample::LikeKeysFetchingTest::0,17
PerformanceSample::LikeKeysFetchingTest::0,16
PerformanceSample::LikeKeysFetchingTest::0,17
PerformanceSample::LikeKeysFetchingTest::0,15
PerformanceSample::LikeKeysFetchingTest::0,17
PerformanceSample::LikeKeysFetchingTest::0,17
PerformanceSample::LikeKeysFetchingTest::0,16
PerformanceSample::LikeKeysFetchingTest::0,16
PerformanceSample::LikeKeysFetchingTest::0,17
PerformanceSample::LikeKeysFetchingTest::0,15
PerformanceSample::LikeKeysFetchingTest::0,17
PerformanceSample::LikeKeysFetchingTest::0,16
PerformanceSample::LikeKeysFetchingTest::0,15
PerformanceSample::LikeKeysFetchingTest::0,15
PerformanceSample::LikeKeysFetchingTest::0,15
PerformanceSample::LikeKeysFetchingTest::0,15
PerformanceSample::LikeKeysFetchingTest::0,15
PerformanceSample::LikeKeysFetchingTest::0,14
PerformanceSample::LikeKeysFetchingTest::0,17
PerformanceSample::LikeKeysFetchingTest::0,16
PerformanceSample::LikeKeysFetchingTest::0,19
PerformanceSample::LikeKeysFetchingTest::0,15
PerformanceSample::LikeKeysFetchingTest::0,16
PerformanceSample::LikeKeysFetchingTest::0,16
PerformanceSample::LikeKeysFetchingTest::0,15
PerformanceSample::LikeKeysFetchingTest::0,16
PerformanceSample::LikeKeysFetchingTest::0,17
PerformanceSample::LikeKeysFetchingTest::0,19
PerformanceSample::LikeKeysFetchingTest::0,16
PerformanceSample::LikeKeysFetchingTest::0,15
PerformanceSample::LikeKeysFetchingTest::0,17
PerformanceSample::LikeKeysFetchingTest::0,15
PerformanceSample::LikeKeysFetchingTest::0,15
PerformanceSample::LikeKeysFetchingTest::0,15
PerformanceSample::LikeKeysFetchingTest::0,19
PerformanceSample::LikeKeysFetchingTest::0,16
PerformanceSample::LikeKeysFetchingTest::0,18
PerformanceSample::LikeKeysFetchingTest::0,16
PerformanceSample::LikeKeysFetchingTest::0,15
PerformanceSample::LikeKeysFetchingTest::0,16
PerformanceSample::DislikeKeysFetchingTest::0,16
PerformanceSample::DislikeKeysFetchingTest::0,15
PerformanceSample::DislikeKeysFetchingTest::0,17
PerformanceSample::DislikeKeysFetchingTest::0,16
PerformanceSample::DislikeKeysFetchingTest::0,16
PerformanceSample::DislikeKeysFetchingTest::0,16
PerformanceSample::DislikeKeysFetchingTest::0,15
PerformanceSample::DislikeKeysFetchingTest::0,16
PerformanceSample::DislikeKeysFetchingTest::0,15
PerformanceSample::DislikeKeysFetchingTest::0,16
PerformanceSample::DislikeKeysFetchingTest::0,15
PerformanceSample::DislikeKeysFetchingTest::0,15
PerformanceSample::DislikeKeysFetchingTest::0,16
PerformanceSample::DislikeKeysFetchingTest::0,15
PerformanceSample::DislikeKeysFetchingTest::0,17
PerformanceSample::DislikeKeysFetchingTest::0,16
PerformanceSample::DislikeKeysFetchingTest::0,16
PerformanceSample::DislikeKeysFetchingTest::0,16
PerformanceSample::DislikeKeysFetchingTest::0,16
PerformanceSample::DislikeKeysFetchingTest::0,16
PerformanceSample::DislikeKeysFetchingTest::0,16
PerformanceSample::DislikeKeysFetchingTest::0,16
PerformanceSample::DislikeKeysFetchingTest::0,15
PerformanceSample::DislikeKeysFetchingTest::0,16
PerformanceSample::DislikeKeysFetchingTest::0,16
PerformanceSample::DislikeKeysFetchingTest::0,16
PerformanceSample::DislikeKeysFetchingTest::0,17
PerformanceSample::DislikeKeysFetchingTest::0,16
PerformanceSample::DislikeKeysFetchingTest::0,18
PerformanceSample::DislikeKeysFetchingTest::0,18
PerformanceSample::DislikeKeysFetchingTest::0,17
PerformanceSample::DislikeKeysFetchingTest::0,17
PerformanceSample::DislikeKeysFetchingTest::0,17
PerformanceSample::DislikeKeysFetchingTest::0,17
PerformanceSample::DislikeKeysFetchingTest::0,18
PerformanceSample::DislikeKeysFetchingTest::0,16
PerformanceSample::DislikeKeysFetchingTest::0,16
PerformanceSample::DislikeKeysFetchingTest::0,17
PerformanceSample::DislikeKeysFetchingTest::0,17
PerformanceSample::DislikeKeysFetchingTest::0,18
PerformanceSample::DislikeKeysFetchingTest::0,16
PerformanceSample::DislikeKeysFetchingTest::0,17
PerformanceSample::DislikeKeysFetchingTest::0,16
PerformanceSample::DislikeKeysFetchingTest::0,17
PerformanceSample::DislikeKeysFetchingTest::0,16
PerformanceSample::DislikeKeysFetchingTest::0,15
PerformanceSample::DislikeKeysFetchingTest::0,16
PerformanceSample::DislikeKeysFetchingTest::0,16
PerformanceSample::DislikeKeysFetchingTest::0,16
PerformanceSample::DislikeKeysFetchingTest::0,16
PerformanceSample::DislikeKeysFetchingTest::0,16
PerformanceSample::DislikeKeysFetchingTest::0,16
PerformanceSample::DislikeKeysFetchingTest::0,16
PerformanceSample::DislikeKeysFetchingTest::0,16
PerformanceSample::DislikeKeysFetchingTest::0,17
PerformanceSample::DislikeKeysFetchingTest::0,16
PerformanceSample::DislikeKeysFetchingTest::0,17
PerformanceSample::DislikeKeysFetchingTest::0,17
PerformanceSample::DislikeKeysFetchingTest::0,15
PerformanceSample::DislikeKeysFetchingTest::0,17
PerformanceSample::DislikeKeysFetchingTest::0,15
PerformanceSample::DislikeKeysFetchingTest::0,15
PerformanceSample::DislikeKeysFetchingTest::0,18
PerformanceSample::DislikeKeysFetchingTest::0,17
PerformanceSample::DislikeKeysFetchingTest::0,16
PerformanceSample::DislikeKeysFetchingTest::0,15
PerformanceSample::DislikeKeysFetchingTest::0,16
PerformanceSample::DislikeKeysFetchingTest::0,18
PerformanceSample::DislikeKeysFetchingTest::0,18
PerformanceSample::DislikeKeysFetchingTest::0,16
PerformanceSample::DislikeKeysFetchingTest::0,15
PerformanceSample::DislikeKeysFetchingTest::0,16
PerformanceSample::DislikeKeysFetchingTest::0,17
PerformanceSample::DislikeKeysFetchingTest::0,16
PerformanceSample::DislikeKeysFetchingTest::0,17
PerformanceSample::DislikeKeysFetchingTest::0,18
PerformanceSample::DislikeKeysFetchingTest::0,16
PerformanceSample::DislikeKeysFetchingTest::0,17
PerformanceSample::DislikeKeysFetchingTest::0,16
PerformanceSample::DislikeKeysFetchingTest::0,16
PerformanceSample::DislikeKeysFetchingTest::0,17
PerformanceSample::DislikeKeysFetchingTest::0,17
PerformanceSample::DislikeKeysFetchingTest::0,16
PerformanceSample::DislikeKeysFetchingTest::0,17
PerformanceSample::DislikeKeysFetchingTest::0,17
PerformanceSample::DislikeKeysFetchingTest::0,17
PerformanceSample::DislikeKeysFetchingTest::0,17
PerformanceSample::DislikeKeysFetchingTest::0,18
PerformanceSample::DislikeKeysFetchingTest::0,17
PerformanceSample::DislikeKeysFetchingTest::0,16
PerformanceSample::DislikeKeysFetchingTest::0,17
PerformanceSample::DislikeKeysFetchingTest::0,21
PerformanceSample::DislikeKeysFetchingTest::0,18
PerformanceSample::DislikeKeysFetchingTest::0,17
PerformanceSample::DislikeKeysFetchingTest::0,22
PerformanceSample::DislikeKeysFetchingTest::0,16
PerformanceSample::DislikeKeysFetchingTest::0,17
PerformanceSample::DislikeKeysFetchingTest::0,16
PerformanceSample::DislikeKeysFetchingTest::0,16
PerformanceSample::DislikeKeysFetchingTest::0,16
PerformanceSample::PointTransactionKeysFetchingTest::0,156
PerformanceSample::PointTransactionKeysFetchingTest::0,159
PerformanceSample::PointTransactionKeysFetchingTest::0,154
PerformanceSample::PointTransactionKeysFetchingTest::0,152
PerformanceSample::PointTransactionKeysFetchingTest::0,158
PerformanceSample::PointTransactionKeysFetchingTest::0,155
PerformanceSample::PointTransactionKeysFetchingTest::0,157
PerformanceSample::PointTransactionKeysFetchingTest::0,152
PerformanceSample::PointTransactionKeysFetchingTest::0,156
PerformanceSample::PointTransactionKeysFetchingTest::0,151
PerformanceSample::PointTransactionKeysFetchingTest::0,153
PerformanceSample::PointTransactionKeysFetchingTest::0,158
PerformanceSample::PointTransactionKeysFetchingTest::0,156
PerformanceSample::PointTransactionKeysFetchingTest::0,159
PerformanceSample::PointTransactionKeysFetchingTest::0,157
PerformanceSample::PointTransactionKeysFetchingTest::0,156
PerformanceSample::PointTransactionKeysFetchingTest::0,149
PerformanceSample::PointTransactionKeysFetchingTest::0,161
PerformanceSample::PointTransactionKeysFetchingTest::0,154
PerformanceSample::PointTransactionKeysFetchingTest::0,155
PerformanceSample::PointTransactionKeysFetchingTest::0,154
PerformanceSample::PointTransactionKeysFetchingTest::0,161
PerformanceSample::PointTransactionKeysFetchingTest::0,157
PerformanceSample::PointTransactionKeysFetchingTest::0,156
PerformanceSample::PointTransactionKeysFetchingTest::0,155
PerformanceSample::PointTransactionKeysFetchingTest::0,152
PerformanceSample::PointTransactionKeysFetchingTest::0,163
PerformanceSample::PointTransactionKeysFetchingTest::0,152
PerformanceSample::PointTransactionKeysFetchingTest::0,153
PerformanceSample::PointTransactionKeysFetchingTest::0,153
PerformanceSample::PointTransactionKeysFetchingTest::0,153
PerformanceSample::PointTransactionKeysFetchingTest::0,151
PerformanceSample::PointTransactionKeysFetchingTest::0,159
PerformanceSample::PointTransactionKeysFetchingTest::0,150
PerformanceSample::PointTransactionKeysFetchingTest::0,151
PerformanceSample::PointTransactionKeysFetchingTest::0,155
PerformanceSample::PointTransactionKeysFetchingTest::0,152
PerformanceSample::PointTransactionKeysFetchingTest::0,163
PerformanceSample::PointTransactionKeysFetchingTest::0,153
PerformanceSample::PointTransactionKeysFetchingTest::0,156
PerformanceSample::PointTransactionKeysFetchingTest::0,152
PerformanceSample::PointTransactionKeysFetchingTest::0,153
PerformanceSample::PointTransactionKeysFetchingTest::0,151
PerformanceSample::PointTransactionKeysFetchingTest::0,153
PerformanceSample::PointTransactionKeysFetchingTest::0,155
PerformanceSample::PointTransactionKeysFetchingTest::0,155
PerformanceSample::PointTransactionKeysFetchingTest::0,151
PerformanceSample::PointTransactionKeysFetchingTest::0,153
PerformanceSample::PointTransactionKeysFetchingTest::0,154
PerformanceSample::PointTransactionKeysFetchingTest::0,156
PerformanceSample::PointTransactionKeysFetchingTest::0,153
PerformanceSample::PointTransactionKeysFetchingTest::0,152
PerformanceSample::PointTransactionKeysFetchingTest::0,152
PerformanceSample::PointTransactionKeysFetchingTest::0,155
PerformanceSample::PointTransactionKeysFetchingTest::0,173
PerformanceSample::PointTransactionKeysFetchingTest::0,184
PerformanceSample::PointTransactionKeysFetchingTest::0,157
PerformanceSample::PointTransactionKeysFetchingTest::0,164
PerformanceSample::PointTransactionKeysFetchingTest::0,163
PerformanceSample::PointTransactionKeysFetchingTest::0,155
PerformanceSample::PointTransactionKeysFetchingTest::0,155
PerformanceSample::PointTransactionKeysFetchingTest::0,152
PerformanceSample::PointTransactionKeysFetchingTest::0,161
PerformanceSample::PointTransactionKeysFetchingTest::0,151
PerformanceSample::PointTransactionKeysFetchingTest::0,158
PerformanceSample::PointTransactionKeysFetchingTest::0,151
PerformanceSample::PointTransactionKeysFetchingTest::0,149
PerformanceSample::PointTransactionKeysFetchingTest::0,154
PerformanceSample::PointTransactionKeysFetchingTest::0,161
PerformanceSample::PointTransactionKeysFetchingTest::0,152
PerformanceSample::PointTransactionKeysFetchingTest::0,153
PerformanceSample::PointTransactionKeysFetchingTest::0,155
PerformanceSample::PointTransactionKeysFetchingTest::0,151
PerformanceSample::PointTransactionKeysFetchingTest::0,151
PerformanceSample::PointTransactionKeysFetchingTest::0,153
PerformanceSample::PointTransactionKeysFetchingTest::0,154
PerformanceSample::PointTransactionKeysFetchingTest::0,152
PerformanceSample::PointTransactionKeysFetchingTest::0,159
PerformanceSample::PointTransactionKeysFetchingTest::0,152
PerformanceSample::PointTransactionKeysFetchingTest::0,150
PerformanceSample::PointTransactionKeysFetchingTest::0,156
PerformanceSample::PointTransactionKeysFetchingTest::0,150
PerformanceSample::PointTransactionKeysFetchingTest::0,155
PerformanceSample::PointTransactionKeysFetchingTest::0,157
PerformanceSample::PointTransactionKeysFetchingTest::0,153
PerformanceSample::PointTransactionKeysFetchingTest::0,151
PerformanceSample::PointTransactionKeysFetchingTest::0,154
PerformanceSample::PointTransactionKeysFetchingTest::0,155
PerformanceSample::PointTransactionKeysFetchingTest::0,154
PerformanceSample::PointTransactionKeysFetchingTest::0,154
PerformanceSample::PointTransactionKeysFetchingTest::0,156
PerformanceSample::PointTransactionKeysFetchingTest::0,152
PerformanceSample::PointTransactionKeysFetchingTest::0,153
PerformanceSample::PointTransactionKeysFetchingTest::0,151
PerformanceSample::PointTransactionKeysFetchingTest::0,152
PerformanceSample::PointTransactionKeysFetchingTest::0,151
PerformanceSample::PointTransactionKeysFetchingTest::0,158
PerformanceSample::PointTransactionKeysFetchingTest::0,152
PerformanceSample::PointTransactionKeysFetchingTest::0,154
PerformanceSample::PointTransactionKeysFetchingTest::0,150
PerformanceSample::PointBalanceFetchingTest::0,251
PerformanceSample::PointBalanceFetchingTest::0,236
PerformanceSample::PointBalanceFetchingTest::0,243
PerformanceSample::PointBalanceFetchingTest::0,237
PerformanceSample::PointBalanceFetchingTest::0,241
PerformanceSample::PointBalanceFetchingTest::0,235
PerformanceSample::PointBalanceFetchingTest::0,245
PerformanceSample::PointBalanceFetchingTest::0,239
PerformanceSample::PointBalanceFetchingTest::0,240
PerformanceSample::PointBalanceFetchingTest::0,240
PerformanceSample::PointBalanceFetchingTest::0,242
PerformanceSample::PointBalanceFetchingTest::0,239
PerformanceSample::PointBalanceFetchingTest::0,238
PerformanceSample::PointBalanceFetchingTest::0,242
PerformanceSample::PointBalanceFetchingTest::0,239
PerformanceSample::PointBalanceFetchingTest::0,238
PerformanceSample::PointBalanceFetchingTest::0,241
PerformanceSample::PointBalanceFetchingTest::0,241
PerformanceSample::PointBalanceFetchingTest::0,239
PerformanceSample::PointBalanceFetchingTest::0,236
PerformanceSample::PointBalanceFetchingTest::0,234
PerformanceSample::PointBalanceFetchingTest::0,249
PerformanceSample::PointBalanceFetchingTest::0,237
PerformanceSample::PointBalanceFetchingTest::0,241
PerformanceSample::PointBalanceFetchingTest::0,236
PerformanceSample::PointBalanceFetchingTest::0,240
PerformanceSample::PointBalanceFetchingTest::0,238
PerformanceSample::PointBalanceFetchingTest::0,242
PerformanceSample::PointBalanceFetchingTest::0,237
PerformanceSample::PointBalanceFetchingTest::0,240
PerformanceSample::PointBalanceFetchingTest::0,240
PerformanceSample::PointBalanceFetchingTest::0,242
PerformanceSample::PointBalanceFetchingTest::0,241
PerformanceSample::PointBalanceFetchingTest::0,235
PerformanceSample::PointBalanceFetchingTest::0,241
PerformanceSample::PointBalanceFetchingTest::0,242
PerformanceSample::PointBalanceFetchingTest::0,240
PerformanceSample::PointBalanceFetchingTest::0,239
PerformanceSample::PointBalanceFetchingTest::0,241
PerformanceSample::PointBalanceFetchingTest::0,241
PerformanceSample::PointBalanceFetchingTest::0,236
PerformanceSample::PointBalanceFetchingTest::0,235
PerformanceSample::PointBalanceFetchingTest::0,251
PerformanceSample::PointBalanceFetchingTest::0,239
PerformanceSample::PointBalanceFetchingTest::0,238
PerformanceSample::PointBalanceFetchingTest::0,235
PerformanceSample::PointBalanceFetchingTest::0,240
PerformanceSample::PointBalanceFetchingTest::0,241
PerformanceSample::PointBalanceFetchingTest::0,238
PerformanceSample::PointBalanceFetchingTest::0,241
PerformanceSample::PointBalanceFetchingTest::0,239
PerformanceSample::PointBalanceFetchingTest::0,236
PerformanceSample::PointBalanceFetchingTest::0,240
PerformanceSample::PointBalanceFetchingTest::0,254
PerformanceSample::PointBalanceFetchingTest::0,256
PerformanceSample::PointBalanceFetchingTest::0,238
PerformanceSample::PointBalanceFetchingTest::0,247
PerformanceSample::PointBalanceFetchingTest::0,273
PerformanceSample::PointBalanceFetchingTest::0,277
PerformanceSample::PointBalanceFetchingTest::0,252
PerformanceSample::PointBalanceFetchingTest::0,238
PerformanceSample::PointBalanceFetchingTest::0,234
PerformanceSample::PointBalanceFetchingTest::0,246
PerformanceSample::PointBalanceFetchingTest::0,237
PerformanceSample::PointBalanceFetchingTest::0,242
PerformanceSample::PointBalanceFetchingTest::0,237
PerformanceSample::PointBalanceFetchingTest::0,235
PerformanceSample::PointBalanceFetchingTest::0,254
PerformanceSample::PointBalanceFetchingTest::0,244
PerformanceSample::PointBalanceFetchingTest::0,255
PerformanceSample::PointBalanceFetchingTest::0,249
PerformanceSample::PointBalanceFetchingTest::0,252
PerformanceSample::PointBalanceFetchingTest::0,245
PerformanceSample::PointBalanceFetchingTest::0,237
PerformanceSample::PointBalanceFetchingTest::0,237
PerformanceSample::PointBalanceFetchingTest::0,242
PerformanceSample::PointBalanceFetchingTest::0,241
PerformanceSample::PointBalanceFetchingTest::0,241
PerformanceSample::PointBalanceFetchingTest::0,233
PerformanceSample::PointBalanceFetchingTest::0,238
PerformanceSample::PointBalanceFetchingTest::0,242
PerformanceSample::PointBalanceFetchingTest::0,238
PerformanceSample::PointBalanceFetchingTest::0,241
PerformanceSample::PointBalanceFetchingTest::0,246
PerformanceSample::PointBalanceFetchingTest::0,239
PerformanceSample::PointBalanceFetchingTest::0,233
PerformanceSample::PointBalanceFetchingTest::0,236
PerformanceSample::PointBalanceFetchingTest::0,237
PerformanceSample::PointBalanceFetchingTest::0,234
PerformanceSample::PointBalanceFetchingTest::0,235
PerformanceSample::PointBalanceFetchingTest::0,241
PerformanceSample::PointBalanceFetchingTest::0,239
PerformanceSample::PointBalanceFetchingTest::0,235
PerformanceSample::PointBalanceFetchingTest::0,241
PerformanceSample::PointBalanceFetchingTest::0,234
PerformanceSample::PointBalanceFetchingTest::0,237
PerformanceSample::PointBalanceFetchingTest::0,236
PerformanceSample::PointBalanceFetchingTest::0,239
PerformanceSample::PointBalanceFetchingTest::0,232
PerformanceSample::PointBalanceFetchingTest::0,238
PerformanceSample::PostsFetchingTest::0,1189
PerformanceSample::PostsFetchingTest::0,1194
PerformanceSample::PostsFetchingTest::0,1237
PerformanceSample::PostsFetchingTest::0,1248
PerformanceSample::PostsFetchingTest::0,1270
PerformanceSample::PostsFetchingTest::0,1140
PerformanceSample::PostsFetchingTest::0,1126
PerformanceSample::PostsFetchingTest::0,1141
PerformanceSample::PostsFetchingTest::0,1245
PerformanceSample::PostsFetchingTest::0,1223
PerformanceSample::PostsFetchingTest::0,1231
PerformanceSample::PostsFetchingTest::0,1230
PerformanceSample::PostsFetchingTest::0,1222
PerformanceSample::PostsFetchingTest::0,1235
PerformanceSample::PostsFetchingTest::0,1219
PerformanceSample::PostsFetchingTest::0,1228
PerformanceSample::PostsFetchingTest::0,1228
PerformanceSample::PostsFetchingTest::0,1231
PerformanceSample::PostsFetchingTest::0,1225
PerformanceSample::PostsFetchingTest::0,1231
PerformanceSample::PostsFetchingTest::0,1182
PerformanceSample::PostsFetchingTest::0,1106
PerformanceSample::PostsFetchingTest::0,1106
PerformanceSample::PostsFetchingTest::0,1105
PerformanceSample::PostsFetchingTest::0,1093
PerformanceSample::PostsFetchingTest::0,1137
PerformanceSample::PostsFetchingTest::0,1131
PerformanceSample::PostsFetchingTest::0,1178
PerformanceSample::PostsFetchingTest::0,1203
PerformanceSample::PostsFetchingTest::0,1210
PerformanceSample::PostsFetchingTest::0,1148
PerformanceSample::PostsFetchingTest::0,1232
PerformanceSample::PostsFetchingTest::0,1220
PerformanceSample::PostsFetchingTest::0,1248
PerformanceSample::PostsFetchingTest::0,1130
PerformanceSample::PostsFetchingTest::0,1128
PerformanceSample::PostsFetchingTest::0,1254
PerformanceSample::PostsFetchingTest::0,1089
PerformanceSample::PostsFetchingTest::0,1122
PerformanceSample::PostsFetchingTest::0,1141
PerformanceSample::PostsFetchingTest::0,1192
PerformanceSample::PostsFetchingTest::0,1109
PerformanceSample::PostsFetchingTest::0,1126
PerformanceSample::PostsFetchingTest::0,1116
PerformanceSample::PostsFetchingTest::0,1082
PerformanceSample::PostsFetchingTest::0,1137
PerformanceSample::PostsFetchingTest::0,1179
PerformanceSample::PostsFetchingTest::0,1095
PerformanceSample::PostsFetchingTest::0,1089
PerformanceSample::PostsFetchingTest::0,1087
PerformanceSample::PostsFetchingTest::0,1123
PerformanceSample::PostsFetchingTest::0,1111
PerformanceSample::PostsFetchingTest::0,1094
PerformanceSample::PostsFetchingTest::0,1163
PerformanceSample::PostsFetchingTest::0,1186
PerformanceSample::PostsFetchingTest::0,1167
PerformanceSample::PostsFetchingTest::0,1080
PerformanceSample::PostsFetchingTest::0,1078
PerformanceSample::PostsFetchingTest::0,1122
PerformanceSample::PostsFetchingTest::0,1183
PerformanceSample::PostsFetchingTest::0,1108
PerformanceSample::PostsFetchingTest::0,1205
PerformanceSample::PostsFetchingTest::0,1559
PerformanceSample::PostsFetchingTest::0,1641
PerformanceSample::PostsFetchingTest::0,1959
PerformanceSample::PostsFetchingTest::0,1758
PerformanceSample::PostsFetchingTest::0,1420
PerformanceSample::PostsFetchingTest::0,1331
PerformanceSample::PostsFetchingTest::0,1856
PerformanceSample::PostsFetchingTest::0,2148
PerformanceSample::PostsFetchingTest::0,2631
PerformanceSample::PostsFetchingTest::0,2072
PerformanceSample::PostsFetchingTest::0,1599
PerformanceSample::PostsFetchingTest::0,2395
PerformanceSample::PostsFetchingTest::0,1226
PerformanceSample::PostsFetchingTest::0,1165
PerformanceSample::PostsFetchingTest::0,1312
PerformanceSample::PostsFetchingTest::0,1292
PerformanceSample::PostsFetchingTest::0,1305
PerformanceSample::PostsFetchingTest::0,1491
PerformanceSample::PostsFetchingTest::0,1798
PerformanceSample::PostsFetchingTest::0,1335
PerformanceSample::PostsFetchingTest::0,1244
PerformanceSample::PostsFetchingTest::0,1386
PerformanceSample::PostsFetchingTest::0,1202
PerformanceSample::PostsFetchingTest::0,1162
PerformanceSample::PostsFetchingTest::0,1222
PerformanceSample::PostsFetchingTest::0,1274
PerformanceSample::PostsFetchingTest::0,1185
PerformanceSample::PostsFetchingTest::0,1347
PerformanceSample::PostsFetchingTest::0,1249
PerformanceSample::PostsFetchingTest::0,1455
PerformanceSample::PostsFetchingTest::0,1263
PerformanceSample::PostsFetchingTest::0,1274
PerformanceSample::PostsFetchingTest::0,1129
PerformanceSample::PostsFetchingTest::0,1290
PerformanceSample::PostsFetchingTest::0,1366
PerformanceSample::PostsFetchingTest::0,1172
PerformanceSample::PostsFetchingTest::0,1041
PerformanceSample::PostsFetchingTest::0,1087
PerformanceSample::LikesFetchingTest::0,3683
PerformanceSample::LikesFetchingTest::0,3638
PerformanceSample::LikesFetchingTest::0,3546
PerformanceSample::LikesFetchingTest::0,3338
PerformanceSample::LikesFetchingTest::0,3378
PerformanceSample::LikesFetchingTest::0,3471
PerformanceSample::LikesFetchingTest::0,4014
PerformanceSample::LikesFetchingTest::0,3548
PerformanceSample::LikesFetchingTest::0,3408
PerformanceSample::LikesFetchingTest::0,3458
PerformanceSample::LikesFetchingTest::0,3663
PerformanceSample::LikesFetchingTest::0,3122
PerformanceSample::LikesFetchingTest::0,3920
PerformanceSample::LikesFetchingTest::0,4288
PerformanceSample::LikesFetchingTest::0,3623
PerformanceSample::LikesFetchingTest::0,3739
PerformanceSample::LikesFetchingTest::0,4374
PerformanceSample::LikesFetchingTest::0,3986
PerformanceSample::LikesFetchingTest::0,3957
PerformanceSample::LikesFetchingTest::0,3918
PerformanceSample::LikesFetchingTest::0,4010
PerformanceSample::LikesFetchingTest::0,3713
PerformanceSample::LikesFetchingTest::0,3566
PerformanceSample::LikesFetchingTest::0,3426
PerformanceSample::LikesFetchingTest::0,3232
PerformanceSample::LikesFetchingTest::0,3674
PerformanceSample::LikesFetchingTest::0,3487
PerformanceSample::LikesFetchingTest::0,3922
PerformanceSample::LikesFetchingTest::0,3397
PerformanceSample::LikesFetchingTest::0,3439
PerformanceSample::LikesFetchingTest::0,3291
PerformanceSample::LikesFetchingTest::0,3322
PerformanceSample::LikesFetchingTest::0,3159
PerformanceSample::LikesFetchingTest::0,3108
PerformanceSample::LikesFetchingTest::0,3194
PerformanceSample::LikesFetchingTest::0,3134
PerformanceSample::LikesFetchingTest::0,3227
PerformanceSample::LikesFetchingTest::0,3361
PerformanceSample::LikesFetchingTest::0,3466
PerformanceSample::LikesFetchingTest::0,3599
PerformanceSample::LikesFetchingTest::0,3440
PerformanceSample::LikesFetchingTest::0,3266
PerformanceSample::LikesFetchingTest::0,3067
PerformanceSample::LikesFetchingTest::0,3416
PerformanceSample::LikesFetchingTest::0,3287
PerformanceSample::LikesFetchingTest::0,3187
PerformanceSample::LikesFetchingTest::0,3159
PerformanceSample::LikesFetchingTest::0,3378
PerformanceSample::LikesFetchingTest::0,3205
PerformanceSample::LikesFetchingTest::0,3418
PerformanceSample::LikesFetchingTest::0,3429
PerformanceSample::LikesFetchingTest::0,3181
PerformanceSample::LikesFetchingTest::0,3224
PerformanceSample::LikesFetchingTest::0,3176
PerformanceSample::LikesFetchingTest::0,3323
PerformanceSample::LikesFetchingTest::0,3084
PerformanceSample::LikesFetchingTest::0,3272
PerformanceSample::LikesFetchingTest::0,3352
PerformanceSample::LikesFetchingTest::0,3272
PerformanceSample::LikesFetchingTest::0,3406
PerformanceSample::LikesFetchingTest::0,3193
PerformanceSample::LikesFetchingTest::0,3274
PerformanceSample::LikesFetchingTest::0,3415
PerformanceSample::LikesFetchingTest::0,3334
PerformanceSample::LikesFetchingTest::0,3202
PerformanceSample::LikesFetchingTest::0,3274
PerformanceSample::LikesFetchingTest::0,3269
PerformanceSample::LikesFetchingTest::0,3398
PerformanceSample::LikesFetchingTest::0,3295
PerformanceSample::LikesFetchingTest::0,3053
PerformanceSample::LikesFetchingTest::0,3065
PerformanceSample::LikesFetchingTest::0,3064
PerformanceSample::LikesFetchingTest::0,3084
PerformanceSample::LikesFetchingTest::0,3090
PerformanceSample::LikesFetchingTest::0,3145
PerformanceSample::LikesFetchingTest::0,3418
PerformanceSample::LikesFetchingTest::0,3427
PerformanceSample::LikesFetchingTest::0,3539
PerformanceSample::LikesFetchingTest::0,3218
PerformanceSample::LikesFetchingTest::0,3242
PerformanceSample::LikesFetchingTest::0,3322
PerformanceSample::LikesFetchingTest::0,3297
PerformanceSample::LikesFetchingTest::0,3418
PerformanceSample::LikesFetchingTest::0,3284
PerformanceSample::LikesFetchingTest::0,3341
PerformanceSample::LikesFetchingTest::0,3327
PerformanceSample::LikesFetchingTest::0,3456
PerformanceSample::LikesFetchingTest::0,3308
PerformanceSample::LikesFetchingTest::0,3246
PerformanceSample::LikesFetchingTest::0,3434
PerformanceSample::LikesFetchingTest::0,3343
PerformanceSample::LikesFetchingTest::0,3443
PerformanceSample::LikesFetchingTest::0,3341
PerformanceSample::LikesFetchingTest::0,3077
PerformanceSample::LikesFetchingTest::0,3396
PerformanceSample::LikesFetchingTest::0,3281
PerformanceSample::LikesFetchingTest::0,3098
PerformanceSample::LikesFetchingTest::0,3180
PerformanceSample::LikesFetchingTest::0,3404
PerformanceSample::LikesFetchingTest::0,3410
PerformanceSample::DislikesFetchingTest::0,3289
PerformanceSample::DislikesFetchingTest::0,3449
PerformanceSample::DislikesFetchingTest::0,3444
PerformanceSample::DislikesFetchingTest::0,3312
PerformanceSample::DislikesFetchingTest::0,3437
PerformanceSample::DislikesFetchingTest::0,3212
PerformanceSample::DislikesFetchingTest::0,3192
PerformanceSample::DislikesFetchingTest::0,3442
PerformanceSample::DislikesFetchingTest::0,3422
PerformanceSample::DislikesFetchingTest::0,3451
PerformanceSample::DislikesFetchingTest::0,3453
PerformanceSample::DislikesFetchingTest::0,3402
PerformanceSample::DislikesFetchingTest::0,3228
PerformanceSample::DislikesFetchingTest::0,3073
PerformanceSample::DislikesFetchingTest::0,3115
PerformanceSample::DislikesFetchingTest::0,3152
PerformanceSample::DislikesFetchingTest::0,3126
PerformanceSample::DislikesFetchingTest::0,3083
PerformanceSample::DislikesFetchingTest::0,3072
PerformanceSample::DislikesFetchingTest::0,3070
PerformanceSample::DislikesFetchingTest::0,3244
PerformanceSample::DislikesFetchingTest::0,3211
PerformanceSample::DislikesFetchingTest::0,3241
PerformanceSample::DislikesFetchingTest::0,3085
PerformanceSample::DislikesFetchingTest::0,3085
PerformanceSample::DislikesFetchingTest::0,3093
PerformanceSample::DislikesFetchingTest::0,3432
PerformanceSample::DislikesFetchingTest::0,3414
PerformanceSample::DislikesFetchingTest::0,3440
PerformanceSample::DislikesFetchingTest::0,3476
PerformanceSample::DislikesFetchingTest::0,3490
PerformanceSample::DislikesFetchingTest::0,3589
PerformanceSample::DislikesFetchingTest::0,3964
PerformanceSample::DislikesFetchingTest::0,3615
PerformanceSample::DislikesFetchingTest::0,3606
PerformanceSample::DislikesFetchingTest::0,3608
PerformanceSample::DislikesFetchingTest::0,3572
PerformanceSample::DislikesFetchingTest::0,3409
PerformanceSample::DislikesFetchingTest::0,3563
PerformanceSample::DislikesFetchingTest::0,3611
PerformanceSample::DislikesFetchingTest::0,3253
PerformanceSample::DislikesFetchingTest::0,3391
PerformanceSample::DislikesFetchingTest::0,3370
PerformanceSample::DislikesFetchingTest::0,3502
PerformanceSample::DislikesFetchingTest::0,3603
PerformanceSample::DislikesFetchingTest::0,3354
PerformanceSample::DislikesFetchingTest::0,3306
PerformanceSample::DislikesFetchingTest::0,3399
PerformanceSample::DislikesFetchingTest::0,3219
PerformanceSample::DislikesFetchingTest::0,3320
PerformanceSample::DislikesFetchingTest::0,3322
PerformanceSample::DislikesFetchingTest::0,3322
PerformanceSample::DislikesFetchingTest::0,3301
PerformanceSample::DislikesFetchingTest::0,3641
PerformanceSample::DislikesFetchingTest::0,3636
PerformanceSample::DislikesFetchingTest::0,3638
PerformanceSample::DislikesFetchingTest::0,3665
PerformanceSample::DislikesFetchingTest::0,3733
PerformanceSample::DislikesFetchingTest::0,3599
PerformanceSample::DislikesFetchingTest::0,3337
PerformanceSample::DislikesFetchingTest::0,3486
PerformanceSample::DislikesFetchingTest::0,3482
PerformanceSample::DislikesFetchingTest::0,3358
PerformanceSample::DislikesFetchingTest::0,3332
PerformanceSample::DislikesFetchingTest::0,3661
PerformanceSample::DislikesFetchingTest::0,3400
PerformanceSample::DislikesFetchingTest::0,3511
PerformanceSample::DislikesFetchingTest::0,3662
PerformanceSample::DislikesFetchingTest::0,3386
PerformanceSample::DislikesFetchingTest::0,3266
PerformanceSample::DislikesFetchingTest::0,3244
PerformanceSample::DislikesFetchingTest::0,3310
PerformanceSample::DislikesFetchingTest::0,3301
PerformanceSample::DislikesFetchingTest::0,3289
PerformanceSample::DislikesFetchingTest::0,3294
PerformanceSample::DislikesFetchingTest::0,3289
PerformanceSample::DislikesFetchingTest::0,3308
PerformanceSample::DislikesFetchingTest::0,3316
PerformanceSample::DislikesFetchingTest::0,3319
PerformanceSample::DislikesFetchingTest::0,3487
PerformanceSample::DislikesFetchingTest::0,3634
PerformanceSample::DislikesFetchingTest::0,3591
PerformanceSample::DislikesFetchingTest::0,3496
PerformanceSample::DislikesFetchingTest::0,3313
PerformanceSample::DislikesFetchingTest::0,3347
PerformanceSample::DislikesFetchingTest::0,3463
PerformanceSample::DislikesFetchingTest::0,3426
PerformanceSample::DislikesFetchingTest::0,3287
PerformanceSample::DislikesFetchingTest::0,3314
PerformanceSample::DislikesFetchingTest::0,3345
PerformanceSample::DislikesFetchingTest::0,3351
PerformanceSample::DislikesFetchingTest::0,3592
PerformanceSample::DislikesFetchingTest::0,3717
PerformanceSample::DislikesFetchingTest::0,3393
PerformanceSample::DislikesFetchingTest::0,3324
PerformanceSample::DislikesFetchingTest::0,3370
PerformanceSample::DislikesFetchingTest::0,3365
PerformanceSample::DislikesFetchingTest::0,3248
PerformanceSample::DislikesFetchingTest::0,3264
PerformanceSample::DislikesFetchingTest::0,3503
PerformanceSample::PointTransactionsFetchingTest::0,2713
PerformanceSample::PointTransactionsFetchingTest::0,2747
PerformanceSample::PointTransactionsFetchingTest::0,2751
PerformanceSample::PointTransactionsFetchingTest::0,2753
PerformanceSample::PointTransactionsFetchingTest::0,2760
PerformanceSample::PointTransactionsFetchingTest::0,2621
PerformanceSample::PointTransactionsFetchingTest::0,2600
PerformanceSample::PointTransactionsFetchingTest::0,2701
PerformanceSample::PointTransactionsFetchingTest::0,2744
PerformanceSample::PointTransactionsFetchingTest::0,2636
PerformanceSample::PointTransactionsFetchingTest::0,2522
PerformanceSample::PointTransactionsFetchingTest::0,2523
PerformanceSample::PointTransactionsFetchingTest::0,2671
PerformanceSample::PointTransactionsFetchingTest::0,2505
PerformanceSample::PointTransactionsFetchingTest::0,2504
PerformanceSample::PointTransactionsFetchingTest::0,2475
PerformanceSample::PointTransactionsFetchingTest::0,2497
PerformanceSample::PointTransactionsFetchingTest::0,2476
PerformanceSample::PointTransactionsFetchingTest::0,2502
PerformanceSample::PointTransactionsFetchingTest::0,2508
PerformanceSample::PointTransactionsFetchingTest::0,2523
PerformanceSample::PointTransactionsFetchingTest::0,2522
PerformanceSample::PointTransactionsFetchingTest::0,2503
PerformanceSample::PointTransactionsFetchingTest::0,2548
PerformanceSample::PointTransactionsFetchingTest::0,2512
PerformanceSample::PointTransactionsFetchingTest::0,2634
PerformanceSample::PointTransactionsFetchingTest::0,2482
PerformanceSample::PointTransactionsFetchingTest::0,2530
PerformanceSample::PointTransactionsFetchingTest::0,2541
PerformanceSample::PointTransactionsFetchingTest::0,2731
PerformanceSample::PointTransactionsFetchingTest::0,2900
PerformanceSample::PointTransactionsFetchingTest::0,2508
PerformanceSample::PointTransactionsFetchingTest::0,2597
PerformanceSample::PointTransactionsFetchingTest::0,2550
PerformanceSample::PointTransactionsFetchingTest::0,2770
PerformanceSample::PointTransactionsFetchingTest::0,2757
PerformanceSample::PointTransactionsFetchingTest::0,2749
PerformanceSample::PointTransactionsFetchingTest::0,2766
PerformanceSample::PointTransactionsFetchingTest::0,2705
PerformanceSample::PointTransactionsFetchingTest::0,2640
PerformanceSample::PointTransactionsFetchingTest::0,2586
PerformanceSample::PointTransactionsFetchingTest::0,2553
PerformanceSample::PointTransactionsFetchingTest::0,2519
PerformanceSample::PointTransactionsFetchingTest::0,2532
PerformanceSample::PointTransactionsFetchingTest::0,2496
PerformanceSample::PointTransactionsFetchingTest::0,2537
PerformanceSample::PointTransactionsFetchingTest::0,2794
PerformanceSample::PointTransactionsFetchingTest::0,2703
PerformanceSample::PointTransactionsFetchingTest::0,2557
PerformanceSample::PointTransactionsFetchingTest::0,2511
PerformanceSample::PointTransactionsFetchingTest::0,2608
PerformanceSample::PointTransactionsFetchingTest::0,2762
PerformanceSample::PointTransactionsFetchingTest::0,2724
PerformanceSample::PointTransactionsFetchingTest::0,2727
PerformanceSample::PointTransactionsFetchingTest::0,2596
PerformanceSample::PointTransactionsFetchingTest::0,2515
PerformanceSample::PointTransactionsFetchingTest::0,2740
PerformanceSample::PointTransactionsFetchingTest::0,2650
PerformanceSample::PointTransactionsFetchingTest::0,2742
PerformanceSample::PointTransactionsFetchingTest::0,2702
PerformanceSample::PointTransactionsFetchingTest::0,2596
PerformanceSample::PointTransactionsFetchingTest::0,2720
PerformanceSample::PointTransactionsFetchingTest::0,2738
PerformanceSample::PointTransactionsFetchingTest::0,2746
PerformanceSample::PointTransactionsFetchingTest::0,2732
PerformanceSample::PointTransactionsFetchingTest::0,2747
PerformanceSample::PointTransactionsFetchingTest::0,2476
PerformanceSample::PointTransactionsFetchingTest::0,2477
PerformanceSample::PointTransactionsFetchingTest::0,2589
PerformanceSample::PointTransactionsFetchingTest::0,2723
PerformanceSample::PointTransactionsFetchingTest::0,2720
PerformanceSample::PointTransactionsFetchingTest::0,2720
PerformanceSample::PointTransactionsFetchingTest::0,2734
PerformanceSample::PointTransactionsFetchingTest::0,2747
PerformanceSample::PointTransactionsFetchingTest::0,2738
PerformanceSample::PointTransactionsFetchingTest::0,2723
PerformanceSample::PointTransactionsFetchingTest::0,2691
PerformanceSample::PointTransactionsFetchingTest::0,2606
PerformanceSample::PointTransactionsFetchingTest::0,2454
PerformanceSample::PointTransactionsFetchingTest::0,2482
PerformanceSample::PointTransactionsFetchingTest::0,2472
PerformanceSample::PointTransactionsFetchingTest::0,2682
PerformanceSample::PointTransactionsFetchingTest::0,2531
PerformanceSample::PointTransactionsFetchingTest::0,2518
PerformanceSample::PointTransactionsFetchingTest::0,2541
PerformanceSample::PointTransactionsFetchingTest::0,2542
PerformanceSample::PointTransactionsFetchingTest::0,2716
PerformanceSample::PointTransactionsFetchingTest::0,2583
PerformanceSample::PointTransactionsFetchingTest::0,2467
PerformanceSample::PointTransactionsFetchingTest::0,2467
PerformanceSample::PointTransactionsFetchingTest::0,2455
PerformanceSample::PointTransactionsFetchingTest::0,2683
PerformanceSample::PointTransactionsFetchingTest::0,2669
PerformanceSample::PointTransactionsFetchingTest::0,2540
PerformanceSample::PointTransactionsFetchingTest::0,2672
PerformanceSample::PointTransactionsFetchingTest::0,2678
PerformanceSample::PointTransactionsFetchingTest::0,2498
PerformanceSample::PointTransactionsFetchingTest::0,2620
PerformanceSample::PointTransactionsFetchingTest::0,2772
PerformanceSample::PointTransactionsFetchingTest::0,2736
